experiment,cv_accuracy_mean,cv_accuracy_std
Logistic Regression,0.7913262453257067,0.0062359242256392
Random Forest,0.8020252238135352,0.010196152998461883
LightGBM,0.8016801317636222,0.011367121183591688
XGBoost,0.804900704146597,0.014415655249376448
CatBoost,0.8096178444683696,0.009397729346417511
