model,cv_mean_accuracy,cv_std_accuracy,oof_accuracy,oof_f1,oof_auc,fit_time_sec,validation_inference_ms_per_sample,test_inference_ms_per_sample,artifact_size_mb,feature_dimension_after_encoding
CatBoost,0.8134996475149631,0.0154042075658352,0.8135281260784539,0.8143397090825794,0.9068692773887344,288.3167395000055,0.01287481881995,0.0230105447743818,1.372955322265625,27
XGBoost,0.8106433824268173,0.0126744386481116,0.8106522489359255,0.8102812355924389,0.9033786863316902,3.1943615000054706,0.0090364891301635,0.006100093523532,1.0431480407714844,87
LightGBM,0.8085939101874008,0.0094173281667663,0.8085816173933049,0.8098720292504571,0.9012186975115756,5.203048499992292,0.0107786955003172,0.0089322328736398,1.650099754333496,87
Random Forest,0.8062188167108589,0.014420366754934,0.8061658805935811,0.8013205989859686,0.8930142390028728,4.79232340001181,0.0660756585760189,0.0350272059854748,62.39620494842529,87
Logistic Regression,0.7987106353493253,0.0157456796463494,0.798688600023007,0.8047310868109797,0.8886747283240176,0.4579661999887321,0.0067460600483689,0.003966588730167,0.0083980560302734,87
