{
  "cv_scheme": "Repeated StratifiedGroupKFold, group by PassengerId prefix",
  "seeds": [
    7,
    21,
    42,
    87,
    123
  ],
  "features": [
    "HomePlanet",
    "CryoSleep",
    "Destination",
    "Age",
    "VIP",
    "RoomService",
    "FoodCourt",
    "ShoppingMall",
    "Spa",
    "VRDeck",
    "GroupMember",
    "GroupSize",
    "IsAlone",
    "CabinDeck",
    "CabinNum",
    "CabinSide",
    "TotalSpend",
    "NoSpend",
    "LuxurySpend",
    "BasicSpend",
    "AgeBand",
    "CryoNoSpendMatch",
    "FamilySize",
    "CabinRegion"
  ],
  "model_scores": {
    "lgb_default": {
      "fold_mean": 0.8094561337179208,
      "fold_std": 0.013667046758684803,
      "oof_accuracy": 0.8109973541930289
    },
    "lgb_tuned": {
      "fold_mean": 0.8103261653552662,
      "fold_std": 0.012239695869953984,
      "oof_accuracy": 0.8134130909927528
    },
    "xgb_conservative": {
      "fold_mean": 0.8035296745423557,
      "fold_std": 0.012151278201576991,
      "oof_accuracy": 0.8024847578511446
    },
    "extra_trees": {
      "fold_mean": 0.7956386132843288,
      "fold_std": 0.013721038470684963,
      "oof_accuracy": 0.7962728632232831
    },
    "random_forest": {
      "fold_mean": 0.7963510126010179,
      "fold_std": 0.01345296429400214,
      "oof_accuracy": 0.7974232140802945
    },
    "gradient_boosting": {
      "fold_mean": 0.8027001827709291,
      "fold_std": 0.012315786310514032,
      "oof_accuracy": 0.8017945473369378
    },
    "logistic": {
      "fold_mean": 0.795170464961961,
      "fold_std": 0.011189381856105352,
      "oof_accuracy": 0.7952375474519728
    }
  },
  "stack_logistic_oof_accuracy": 0.8107672840216266,
  "stack_ridge_oof_accuracy": 0.8112274243644312,
  "stacker_coefficients": {
    "lgb_default": 1.629725873876023,
    "lgb_tuned": 2.414531854389095,
    "xgb_conservative": -0.03818404367945767,
    "extra_trees": 1.5699298017092647,
    "random_forest": 0.2962663848707578,
    "gradient_boosting": 0.010765032504210112,
    "logistic": 0.352948235335751
  },
  "reference_path": "submissions/submission_reference.csv",
  "reference_true_count": 2194,
  "candidates": [
    {
      "name": "rank_lgb_tuned_default",
      "mode": "reference_count",
      "oof_accuracy": 0.8122627401357414,
      "test_true_count": 2194,
      "test_true_rate": 0.5129763853168109,
      "diff_vs_reference": 146
    },
    {
      "name": "rank_lgb_tuned_default",
      "mode": "threshold_05",
      "oof_accuracy": 0.8122627401357414,
      "test_true_count": 2179,
      "test_true_rate": 0.5094692541501052,
      "diff_vs_reference": 153
    },
    {
      "name": "stack_ridge",
      "mode": "threshold_05",
      "oof_accuracy": 0.8112274243644312,
      "test_true_count": 2195,
      "test_true_rate": 0.5132101940612579,
      "diff_vs_reference": 151
    },
    {
      "name": "stack_logistic",
      "mode": "threshold_05",
      "oof_accuracy": 0.8107672840216266,
      "test_true_count": 2212,
      "test_true_rate": 0.5171849427168577,
      "diff_vs_reference": 168
    },
    {
      "name": "stack_ridge",
      "mode": "reference_count",
      "oof_accuracy": 0.8104221787645232,
      "test_true_count": 2194,
      "test_true_rate": 0.5129763853168109,
      "diff_vs_reference": 150
    },
    {
      "name": "stack_logistic",
      "mode": "reference_count",
      "oof_accuracy": 0.8099620384217187,
      "test_true_count": 2194,
      "test_true_rate": 0.5129763853168109,
      "diff_vs_reference": 174
    },
    {
      "name": "mean_all",
      "mode": "reference_count",
      "oof_accuracy": 0.8078914068790981,
      "test_true_count": 2194,
      "test_true_rate": 0.5129763853168109,
      "diff_vs_reference": 248
    },
    {
      "name": "mean_lgb_xgb_et",
      "mode": "threshold_05",
      "oof_accuracy": 0.8076613367076958,
      "test_true_count": 2168,
      "test_true_rate": 0.5068973579611877,
      "diff_vs_reference": 242
    },
    {
      "name": "mean_lgb_xgb_et",
      "mode": "reference_count",
      "oof_accuracy": 0.8072011963648913,
      "test_true_count": 2194,
      "test_true_rate": 0.5129763853168109,
      "diff_vs_reference": 228
    },
    {
      "name": "mean_all",
      "mode": "threshold_05",
      "oof_accuracy": 0.8070861612791902,
      "test_true_count": 2213,
      "test_true_rate": 0.5174187514613047,
      "diff_vs_reference": 247
    }
  ],
  "selected": {
    "name": "stack_logistic",
    "mode": "reference_count",
    "oof_accuracy": 0.8099620384217187,
    "test_true_count": 2194,
    "test_true_rate": 0.5129763853168109,
    "diff_vs_reference": 174,
    "path": "submissions/submission_stacking_rebuild.csv"
  }
}
